ABILENE,1
ABILENE TX DISTRIBUTION CENTER,1
ACKLEY,1
ACWORTH,1
ADEL,1
AHOSKIE,1
AIEA,1
AK CREEK WI DISTRIBUTION CENTER,1
AK HARBOR,1
AKLAND,1
AKLAND CA DISTRIBUTION CENTER,1
AKRON,1
AKRON OH DISTRIBUTION CENTER,1
ALABASTER,1
ALACHUA,1
ALAMEDA,1
ALBANY,1
ALBANY NY DISTRIBUTION CENTER,1
ALBEMARLE,1
ALBERT LEA,1
ALBUQUERQUE,1
ALBUQUERQUE NM DISTRIBUTION CENTER ANNEX,1
ALDA,1
ALDEN,1
ALEXANDRIA,1
ALIQUIPPA,1
ALISO VIEJ,1
ALLARDT,1
ALLEGAN,1
ALLEN,1
ALLENDALE,1
ALPHARETTA,1
ALPINE,1
ALTAMONT,1
ALTAMONTE SPRINGS,1
ALTON,1
ALTOONA,1
ALTURAS,1
ALUM BANK,1
AMARILL,1
AMARILLO TX DISTRIBUTION CENTER,1
AMBOY,1
AMERICAN FORK,1
AMES,1
AMHERST,1
ANAHEIM,1
ANAHEIM CA DISTRIBUTION CENTER,1
ANCHORAGE,1
ANCHORAGE AK DISTRIBUTION CENTER,1
ANDERSON,1
ANDOVER,1
ANDREWS,1
ANGOON,1
ANN ARBOR,1
ANNAPOLIS,1
AP,1
APEX,1
APOPKA,1
ARAB,1
ARCADIA,1
ARCATA,1
ARCOLA,1
ARLINGTON,1
ARNOLD,1
ASHBURN,1
ASHEBOR,1
ASHEVILLE,1
ASHLAND,1
ASHLAND CITY,1
ASHLEY,1
ASHTABULA,1
ASSONET,1
ATC,1
ATHENS,1
ATLANTA,1
ATLANTA GA DISTRIBUTION CENTER,1
ATLANTA GA NETWORK DISTRIBUTION CENTER,1
ATLANTA NORTH METRO DISTRIBUTION CENTER,1
ATLANTA-PEACHTREE GA DISTRIBUTION CENTER,1
ATLANTIC BEACH,1
AUBREY,1
AUBURN,1
AUBURN HILLS,1
AURORA,1
AUSTIN,1
AUSTIN TX DISTRIBUTION CENTER,1
AVON,1
AVONDALE,1
AZUSA,1
BAKERSFIELD,1
BAKERSFIELD CA DISTRIBUTION CENTER,1
BALDWIN,1
BALDWINVILLE,1
BALLSTON SPA,1
BALLWIN,1
BALTIMORE,1
BALTIMORE MD DISTRIBUTION CENTER,1
BANCROFT,1
BARBERTON,1
BARRIGADA,1
BARRIGADA GU DISTRIBUTION CENTER,1
BARROW,1
BATESVILLE,1
BATH,1
BATON ROUGE,1
BATON ROUGE LA PROCESSING CENTER,1
BAXTER,1
BAY CITY,1
BAYAMON,1
BAYONNE,1
BEACHWOOD,1
BEAUMONT,1
BEAUMONT TX DISTRIBUTION CENTER,1
BEAVER,1
BEAVERTON,1
BECKER,1
BECKLEY,1
BEDFORD,1
BEDIAS,1
BELLAIRE,1
BELLE,1
BELLEFONTAINE,1
BELLEVILLE,1
BELLEVUE,1
BELLFLOWER,1
BELLINGHAM,1
BELLMORE,1
BELMAR,1
BELMONT,1
BELOIT,1
BELVEDERE TIBURON,1
BEMIDJI,1
BEND,1
BENSALEM,1
BENSENVILLE,1
BENSON,1
BENTON,1
BERGENFIELD,1
BERNVILLE,1
BERWICK,1
BESSEMER,1
BETHEL,1
BETHLEHEM,1
BETTENDORF,1
BEVERLY HILLS,1
BICKNELL,1
BIG LAKE,1
BILLERICA,1
BILLINGS,1
BILLINGS MT DISTRIBUTION CENTER,1
BINGHAMTON,1
BIRMINGHAM,1
BIRMINGHAM AL DISTRIBUTION CENTER,1
BIRMINGHAM AL DISTRIBUTION CENTER ANNEX,1
BISHOP,1
BISMARCK,1
BISMARCK ND DISTRIBUTION CENTER,1
BIXBY,1
BLAINE,1
BLANCA,1
BLANCHESTER,1
BLANDING,1
BLOCK ISLAND,1
BLOOMER,1
BLOOMFIELD,1
BLOOMINGTON,1
BLOOMINGTON IN DISTRIBUTION CENTER,1
BLYTHEWOOD,1
BOCA RATON,1
BOGART,1
BOILING SPRINGS,1
BOISE,1
BOISE ID DISTRIBUTION CENTER,1
BOLINGBROOK,1
BOLTON LANDING,1
BON SECOUR,1
BOOKER,1
BOONE,1
BOSTON,1
BOSTON MA DISTRIBUTION CENTER,1
BOTHELL,1
BOULDER,1
BOURBON,1
BOVEY,1
BOYNTON BEACH,1
BOZEMAN,1
BRADENTON,1
BRADLEY,1
BRAIDWOOD,1
BRAINERD,1
BRANDON,1
BRANFORD,1
BRANSON,1
BRASELTON,1
BRATTLEBOR,1
BREA,1
BREMERTON,1
BRENTWOOD,1
BREWER,1
BREWTON,1
BRIARCLIFF MANOR,1
BRICK,1
BRIDGEPORT,1
BRIDGEVILLE,1
BRIDGEWATER,1
BRIGHTON,1
BRISTOL,1
BROCKTON MA DISTRIBUTION CENTER,1
BROKEN ARROW,1
BRONX,1
BROOKFIELD,1
BROOKLINE,1
BROOKLYN,1
BROOKLYN NY DISTRIBUTION CENTER,1
BROOKSVILLE,1
BROWNSBURG,1
BROWNSVILLE,1
BRUCETON MILLS,1
BRUNSWICK,1
BRYAN,1
BUCKEYE,1
BUENA VISTA,1
BUFFAL,1
BUFFALO  NY DISTRIBUTION CENTER,1
BUFORD,1
BUNKERVILLE,1
BURBANK,1
BURLESON,1
BURLINGAME,1
BURLINGTON,1
BURNSVILLE,1
BURNT HILLS,1
BURTON,1
BUTLER,1
CADILLAC,1
CAGUAS,1
CAMANCHE,1
CAMBRIA HEIGHTS,1
CAMBY,1
CAMDEN,1
CAMERON,1
CAMPBELL,1
CANDLER,1
CANON CITY,1
CANTON,1
CANYON,1
CAPITOL HEIGHTS,1
CARLISLE,1
CARLSBAD,1
CARLSTADT,1
CARMEL,1
CARMICHAELS,1
CAROL STREAM,1
CAROL STREAM IL DISTRIBUTION CENTER,1
CAROLINA,1
CARROLLTON,1
CARSON,1
CARTERSVILLE,1
CARTHAGE,1
CARY,1
CASSADAGA,1
CASSELBERRY,1
CASSVILLE,1
CASTRO VALLEY,1
CATANO PR DISTRIBUTION CENTER,1
CATAWBA,1
CAVE SPRINGS,1
CAYEY,1
CEAN SPRINGS,1
CEANSIDE,1
CEDAR FALLS,1
CEDAR LAKE,1
CEDAR RAPIDS,1
CEDAR RAPIDS IA DISTRIBUTION CENTER,1
CEDARHURST,1
CELINA,1
CENTERVILLE,1
CENTREVILLE,1
CHADRON,1
CHAMBERLAIN,1
CHAMPAIGN IL DISTRIBUTION CENTER,1
CHAMPLAIN,1
CHAMPLIN,1
CHANDLER,1
CHAPEL HILL,1
CHAPMAN,1
CHARITON,1
CHARLESTON,1
CHARLESTON SC PROCESSING CENTER,1
CHARLESTON WV PROCESSING CENTER,1
CHARLOTTE,1
CHARLOTTE NC DISTRIBUTION CENTER,1
CHARLOTTESVILLE,1
CHATSWORTH,1
CHATTANOOGA TN DISTRIBUTION CENTER,1
CHAUVIN,1
CHELMSFORD,1
CHELSEA,1
CHERRY HILL,1
CHESHIRE,1
CHESTER,1
CHESTERFIELD,1
CHESTERTOWN,1
CHIC,1
CHICAG,1
CHICAGO IL DISTRIBUTION CENTER,1
CHICAGO IL INTERNATIONAL DISTRIBUTION CENTER,1
CHICAGO IL NETWORK DISTRIBUTION CENTER,1
CHICKAMAUGA,1
CHICOPEE,1
CHILLICOTHE,1
CHIPPEWA LAKE,1
CHOWCHILLA,1
CHRISTIANSBURG,1
CHRISTIANSTED,1
CHULA VISTA,1
CINCINNATI,1
CINCINNATI OH DISTRIBUTION CENTER,1
CINCINNATI OH NETWORK DISTRIBUTION CENTER,1
CITRONELLE,1
CITY OF INDUSTRY,1
CITY OF INDUSTRY CA DISTRIBUTION CENTER,1
CLACKAMAS,1
CLAREMONT,1
CLARK MILLS,1
CLARKSTON,1
CLARKSVILLE,1
CLAXTON,1
CLAYMONT,1
CLAYTON,1
CLEARBROOK,1
CLEARFIELD,1
CLEARWATER,1
CLEMENTS,1
CLEMSON,1
CLEVELAND,1
CLEVELAND OH DISTRIBUTION CENTER,1
CLEVELAND OH DISTRIBUTION CENTER ANNEX,1
CLIFFSIDE PARK,1
CLINTON,1
CLINTON TOWNSHIP,1
CLOVIS,1
CLUTE,1
COARSEGOLD,1
COCOA,1
COCOA BEACH,1
COEUR D ALENE,1
COLLEGE PLACE,1
COLLEGE STATION,1
COLLEGEVILLE,1
COLLIERVILLE,1
COLLINSVILLE,1
COLORADO SPRINGS,1
COLORADO SPRINGS CO DISTRIBUTION CENTER,1
COLUMBIA,1
COLUMBIA CITY,1
COLUMBIA FALLS,1
COLUMBIA MO DISTRIBUTION CENTER,1
COLUMBIA SC PROCESSING CENTER,1
COLUMBUS,1
COLUMBUS IN DISTRIBUTION CENTER,1
COLUMBUS OH DISTRIBUTION CENTER,1
COMMERCE TOWNSHIP,1
COMPTON,1
CONCORD,1
CONROE,1
CONTINENTAL,1
CONWAY,1
CONYERS,1
COPPELL,1
COPPELL TX DISTRIBUTION CENTER,1
CORALVILLE,1
CORAM,1
CORAOPOLIS,1
CORNELIUS,1
CORNING,1
CORNWALL,1
CORONA,1
CORPUS CHRISTI,1
CORPUS CHRISTI TX DISTRIBUTION CENTER,1
CORTLAND,1
COSHOCTON,1
COSTA MESA,1
COURTLAND,1
CRANBURY,1
CRANFORD,1
CRANSTON,1
CRESTON,1
CROSS CITY,1
CROSSVILLE,1
CROWN POINT,1
CROWNSVILLE,1
CRYSTAL LAKE,1
CRYSTAL SPRINGS,1
CULPEPER,1
CULVER CITY,1
CUMBERLAND,1
CUMMING,1
CUPERTIN,1
CUT OFF,1
CYNTHIANA,1
CYPRESS,1
DALHART,1
DALLAS,1
DALLAS TX DISTRIBUTION CENTER,1
DALLAS TX NETWORK DISTRIBUTION CENTER,1
DANBURY,1
DANIA,1
DANVILLE,1
DAVENPORT,1
DAVISBURG,1
DAYTON,1
DAYTON OH DISTRIBUTION CENTER,1
DAYTONA BEACH,1
DE PERE,1
DE RUYTER,1
DEARBORN,1
DECATUR,1
DECORAH,1
DEER ISLE,1
DEER PARK,1
DEERFIELD BEACH,1
DEFOREST,1
DEL VALLE,1
DELMONT,1
DELRAY BEACH,1
DELTONA,1
DEMING,1
DENISON,1
DENTON,1
DENVER,1
DENVER CO  DISTRIBUTION CENTER,1
DENVER CO NETWORK DISTRIBUTION CENTER,1
DEPOE BAY,1
DES MOINES,1
DES MOINES IA DISTRIBUTION CENTER,1
DES MOINES IA NETWORK DISTRIBUTION CENTER,1
DESERT HOT SPRINGS,1
DESSA,1
DETROIT MI DISTRIBUTION CENTER,1
DETROIT MI NETWORK DISTRIBUTION CENTER,1
DEVENS,1
DEVILS LAKE,1
DEWITT,1
DEXTER,1
DIXON,1
DONNELLSON,1
DORA,1
DOTHAN,1
DOVER,1
DOWNERS GROVE,1
DOWNINGTOWN,1
DOYLESTOWN,1
DP,1
DRAPER,1
DRIGGS,1
DUBLIN,1
DULLES,1
DULLES VA DISTRIBUTION CENTER,1
DULUTH,1
DULUTH MN DISTRIBUTION CENTER,1
DUNCAN,1
DUNDEE,1
DUNEDIN,1
DUNKIRK,1
DUNNELLON,1
DURAND,1
DURANG,1
DURHAM,1
EAGLE,1
EAGLE RIVER,1
EARLYSVILLE,1
EAST CHINA,1
EAST FALMOUTH,1
EAST GREENWICH,1
EAST LYME,1
EAST ORANGE,1
EAST ROCHESTER,1
EAST RUTHERFORD,1
EASTERN ME DISTRIBUTION CENTER,1
EASTHAMPTON,1
EASTON,1
EASTON MD DISTRIBUTION CENTER,1
EDGERTON,1
EDGEWATER,1
EDISON,1
EDMOND,1
EDMONDS,1
EDWARDS,1
EDWARDSVILLE,1
EGG HARBOR TOWNSHIP,1
EL DORAD,1
EL DORADO HILLS,1
EL MONTE,1
EL PAS,1
EL PASO TX DISTRIBUTION CENTER,1
EL REN,1
ELBA,1
ELBURN,1
ELDRIDGE,1
ELEELE,1
ELGIN,1
ELIZABETHPORT,1
ELK GROVE,1
ELK GROVE VILLAGE IL DISTRIBUTION CENTER,1
ELK MOUND,1
ELK RIVER,1
ELKHORN,1
ELKTON,1
ELLENTON,1
ELLENWOOD,1
ELLICOTT CITY,1
ELMHURST,1
ELWEIN,1
EMERYVILLE,1
EMORY,1
ENCIN,1
ENDICOTT,1
ENGLEWOOD,1
ENGLEWOOD CLIFFS,1
ENGLISH,1
ENGLISHTOWN,1
ENNIS,1
ENON,1
ERIE,1
ERLANGER,1
ESCONDID,1
ESSEX,1
EUGENE,1
EUGENE OR DISTRIBUTION CENTER,1
EUREKA,1
EVANSTON,1
EVANSVILLE,1
EVANSVILLE IN DISTRIBUTION CENTER,1
EVANSVILLE IN DISTRIBUTION CENTER ANNEX,1
EVERETT,1
EVERGREEN,1
FAIRFIELD,1
FAIRHAVEN,1
FAIRLAND,1
FAIRLESS HILLS,1
FAIRMONT,1
FALL RIVER,1
FALLON,1
FAR ROCKAWAY,1
FARG,1
FARGO ND DISTRIBUTION CENTER,1
FARMINGDALE,1
FARMINGTON,1
FAYETTEVILLE,1
FAYETTEVILLE AR DISTRIBUTION CENTER,1
FAYETTEVILLE NC DISTRIBUTION CENTER ANNEX,1
FEDERAL WAY,1
FEESBURG,1
FELTON,1
FENTON,1
FERNDALE,1
FERRUM,1
FISHERS,1
FLAGSTAFF,1
FLEETWOOD,1
FLEMINGSBURG,1
FLINT,1
FLORA,1
FLORAL PARK,1
FLORENCE,1
FLOWER MOUND,1
FLOWERY BRANCH,1
FOLEY,1
FOND DU LAC,1
FOREST CITY,1
FOREST HILLS,1
FOREST PARK,1
FORISTELL,1
FORNEY,1
FORT DODGE,1
FORT KENT,1
FORT LAUDERDALE,1
FORT LEE,1
FORT MC COY,1
FORT MEYERS FL DISTRIBUTION CENTER,1
FORT MILL,1
FORT MYERS,1
FORT RILEY,1
FORT RIPLEY,1
FORT SMITH,1
FORT WALTON BEACH,1
FORT WAYNE,1
FORT WAYNE IN DISTRIBUTION CENTER,1
FORT WORTH,1
FORT WORTH TX DISTRIBUTION CENTER,1
FOSSTON,1
FOUNTAIN HILLS,1
FOUNTAIN VALLEY,1
FOWLERVILLE,1
FP,1
FRANKFORT,1
FRANKLIN,1
FRANKLIN PARK,1
FRANKLIN SQUARE,1
FRASER,1
FREDERICK,1
FREDERICKSBURG,1
FREDONIA,1
FREEBURG,1
FREEHOLD,1
FREELAND,1
FREEPORT,1
FREMONT,1
FRESH MEADOWS,1
FRESN,1
FRESNO CA DISTRIBUTION CENTER,1
FRIDAY HARBOR,1
FRIENDSWOOD,1
FRISC,1
FULLERTON,1
GAINESVILLE,1
GAINESVILLE FL DISTRIBUTION CENTER,1
GAITHERSBURG,1
GAITHERSBURG MD DISTRIBUTION CENTER,1
GALVESTON,1
GAMALIEL,1
GARDEN CITY,1
GARDEN CITY NY DISTRIBUTION CENTER,1
GARDENDALE,1
GARDINER,1
GARDNER,1
GARLAND,1
GARNER,1
GARY IN DISTRIBUTION CENTER,1
GASTONIA,1
GATESVILLE,1
GAYLORD,1
GDEN,1
GENEVA,1
GEORGETOWN,1
GERING,1
GERMANTOWN,1
GIG HARBOR,1
GILBERT,1
GILROY,1
GLADWIN,1
GLEN ELLYN,1
GLENDALE,1
GLENOLDEN,1
GLENSHAW,1
GLENSIDE,1
GLENVIEW,1
GLENWOOD,1
GLENWOOD SPRINGS,1
GOFFSTOWN,1
GOLD BEACH,1
GOLDENROD,1
GOODYEAR,1
GOOSE CREEK,1
GOSHEN,1
GRANADA HILLS,1
GRAND FORKS,1
GRAND FORKS ND DISTRIBUTION CENTER,1
GRAND ISLAND,1
GRAND ISLAND NE DISTRIBUTION CENTER,1
GRAND JUNCTION CO DISTRIBUTION CENTER,1
GRAND LAKE,1
GRAND PRAIRIE,1
GRAND RAPIDS,1
GRAND RAPIDS MI DISTRIBUTION CENTER ANNEX,1
GRANDVIEW,1
GRANDVILLE,1
GRANTS PASS,1
GRAPEVINE,1
GREAT FALLS,1
GREAT FALLS MT DISTRIBUTION CENTER,1
GREAT MEADOWS,1
GREEN BAY,1
GREEN BAY WI DISTRIBUTION CENTER,1
GREEN COVE SPRINGS,1
GREENBELT,1
GREENEVILLE,1
GREENFIELD,1
GREENSBOR,1
GREENSBORO NC DISTRIBUTION CENTER,1
GREENSBORO NC NETWORK DISTRIBUTION CENTER,1
GREENVILLE,1
GREENVILLE SC DISTRIBUTION CENTER,1
GREENWOOD,1
GRENADA,1
GRESHAM,1
GRIFFIN,1
GRIFFITH,1
GRIMES,1
GROSSE POINTE,1
GROVETOWN,1
GUALALA,1
GULFPORT MS DISTRIBUTION CENTER,1
GUNTER,1
GURNEE,1
GUTHRIE,1
HACKETTSTOWN,1
HAGATNA,1
HAINES CITY,1
HAMBURG,1
HAMILTON,1
HAMPTON,1
HANFORD,1
HARKER HEIGHTS,1
HARLEYSVILLE,1
HARRINGTON,1
HARRISBURG,1
HARRISBURG PA DISTRIBUTION CENTER,1
HARRISON TOWNSHIP,1
HARTFORD,1
HARTFORD CT DISTRIBUTION CENTER,1
HARTLAND,1
HARTVILLE,1
HARVEY,1
HARWOOD HEIGHTS,1
HASKELL,1
HASTINGS,1
HATBOR,1
HATFIELD,1
HATTIESBURG,1
HATTIESBURG MS DISTRIBUTION CENTER,1
HAUPPAUGE,1
HAVERTOWN,1
HAWAIIAN GARDENS,1
HAWLEY,1
HAWTHORNE,1
HAYWARD,1
HAZEL CREST,1
HELENA,1
HEMPSTEAD,1
HENDERSON,1
HERMITAGE,1
HERNDON,1
HESPERIA,1
HIALEAH,1
HIAWASSEE,1
HICKMAN,1
HICKORY,1
HIGDON,1
HIGH SPRINGS,1
HIL,1
HILLSBOR,1
HILLSBOROUGH,1
HILTON HEAD ISLAND,1
HOBART,1
HOLLAND,1
HOLLIS CENTER,1
HOLLISTER,1
HOLLYWOOD,1
HOLYOKE,1
HOMESTEAD,1
HONAKER,1
HONOLULU,1
HONOLULU HI DISTRIBUTION CENTER,1
HOPKINS,1
HOPKINSVILLE,1
HOSCHTON,1
HOT SPRINGS,1
HOUMA,1
HOUSTON,1
HOWARD,1
HOWELL,1
HUBBARD,1
HUDSON,1
HUGHSON,1
HULL,1
HUMBLE,1
HUNTERSVILLE,1
HUNTINGTON,1
HUNTINGTON BEACH,1
HUNTSVILLE,1
HURON,1
HURON SD DISTRIBUTION CENTER,1
HUTCHINSON,1
HYANNIS,1
HYATTSVILLE,1
IDAHO FALLS,1
INDEPENDENCE,1
INDIAN WELLS,1
INDIANAPOLIS,1
INDIANAPOLIS IN DISTRIBUTION CENTER,1
INDIANAPOLIS IN DISTRIBUTION CENTER ANNEX,1
INGLEWOOD,1
INKSTER,1
INWOOD,1
IONIA,1
IOWA CITY,1
IRM,1
IRON MOUNTAIN MI DISTRIBUTION CENTER,1
IRVINE,1
IRVINGTON,1
ISC MIAMI FL (USPS),1
ISLIP TERRACE,1
ITHACA,1
JACKSON,1
JACKSON MS DISTRIBUTION CENTER,1
JACKSONVILLE,1
JACKSONVILLE FL DISTRIBUTION CENTER,1
JACKSONVILLE FL NETWORK DISTRIBUTION CENTER,1
JAI,1
JAMAICA,1
JAMESTOWN,1
JAMISON,1
JANESVILLE,1
JASPER,1
JEFFERSON,1
JEFFERSON CITY,1
JEFFERSONVILLE,1
JENISON,1
JENNINGS,1
JERSEY CITY,1
JERSEY CITY NJ NETWORK DISTRIBUTION CENTER,1
JESUP,1
JOHNSON CITY TN DISTRIBUTION CENTER,1
JOHNSTON,1
JOHNSTOWN PA DISTRIBUTION CENTER,1
JOLIET,1
JONESBOR,1
JUPITER,1
KALAMAZ,1
KALAMAZOO MI DISTRIBUTION CENTER,1
KANEOHE,1
KANSAS CITY,1
KANSAS CITY KS NETWORK DISTRIBUTION CENTER,1
KANSAS CITY MO DISTRIBUTION CENTER,1
KARNES CITY,1
KASSON,1
KATY,1
KEARNEY,1
KEARNY NJ DISTRIBUTION CENTER,1
KEECHOBEE,1
KELLER,1
KEMMERER,1
KENNESAW,1
KENNEWICK,1
KENT,1
KERRVILLE,1
KEWASKUM,1
KEY WEST,1
KING GEORGE,1
KINGMAN,1
KINGSLAND,1
KINGSLEY,1
KINGWOOD,1
KISSIMMEE,1
KLAHOMA CITY,1
KLAHOMA CITY OK DISTRIBUTION CENTER,1
KNOXVILLE,1
KNOXVILLE TN DISTRIBUTION CENTER,1
KOKOM,1
KOUNTZE,1
KREMMLING,1
KYLE,1
LA CANADA FLINTRIDGE,1
LA CROSSE,1
LA HABRA,1
LA MIRADA,1
LA PLATA,1
LA PORTE,1
LA PUENTE,1
LA VERNE,1
LACEY,1
LAFAYETTE LA DISTRIBUTION CENTER,1
LAGRANGE,1
LAKE ARTHUR,1
LAKE CITY,1
LAKE ELSINORE,1
LAKE GENEVA,1
LAKE JACKSON,1
LAKE MARY FL DISTRIBUTION CENTER,1
LAKE OSWEG,1
LAKE STEVENS,1
LAKELAND,1
LAKESIDE,1
LAKEVILLE,1
LAMPASAS,1
LANCASTER,1
LANCASTER PA DISTRIBUTION CENTER,1
LANGHORNE,1
LANSING,1
LANSING MI DISTRIBUTION CENTER,1
LARED,1
LARG,1
LAS VEGAS,1
LAS VEGAS NV DISTRIBUTION CENTER,1
LAS VEGAS NV DISTRIBUTION CENTER ANNEX,1
LATHE,1
LAVACA,1
LAVEEN,1
LAVON,1
LAWRENCE,1
LAWRENCE TOWNSHIP,1
LAWRENCEVILLE,1
LAYTON,1
LD LYME,1
LDSMAR,1
LEAGUE CITY,1
LEANDER,1
LEAVENWORTH,1
LEBANON,1
LEES SUMMIT,1
LEESBURG,1
LEHI,1
LEHIGH VALLEY PA DISTRIBUTION CENTER,1
LELAND,1
LENOIR,1
LEOMINSTER,1
LEONARDTOWN,1
LEWISTON,1
LEXINGTON,1
LEXINGTON KY DISTRIBUTION CENTER,1
LIBERTY,1
LIBERTY HILL,1
LIGONIER,1
LIHUE,1
LILBURN,1
LINCOLN,1
LINCOLN NE DISTRIBUTION CENTER,1
LINCOLNVILLE,1
LINDLEY,1
LINDON,1
LINTHICUM HEIGHTS,1
LINTHICUM HEIGHTS MD DISTRIBUTION CENTER,1
LITHONIA,1
LITTLE ROCK,1
LITTLE ROCK AR DISTRIBUTION CENTER,1
LITTLE ROCK AR DISTRIBUTION CENTER ANNEX,1
LITTLE SILVER,1
LITTLEFIELD,1
LITTLETON,1
LIVE BRANCH,1
LIVERMORE,1
LIVINGSTON,1
LNEY,1
LOCKPORT,1
LOMBARD,1
LONDONDERRY,1
LONE TREE,1
LONG BEACH,1
LONG BRANCH,1
LONG ISLAND CITY,1
LONGMONT,1
LONGWOOD,1
LORAIN,1
LORTON,1
LOS ALAMITOS,1
LOS ALAMOS,1
LOS ANGELES,1
LOS ANGELES CA DISTRIBUTION CENTER,1
LOS ANGELES CA INTERNATIONAL DISTRIBUTION CENTER,1
LOS ANGELES CA NETWORK DISTRIBUTION CENTER,1
LOS GATOS,1
LOS LUNAS,1
LOS OSOS,1
LOUISVILLE,1
LOUISVILLE KY DISTRIBUTION CENTER,1
LOVELAND,1
LOWELL,1
LOYSVILLE,1
LUBBOCK,1
LUBBOCK TX DISTRIBUTION CENTER,1
LUNENBURG,1
LUTZ,1
LYMPIA,1
LYNCHBURG,1
LYNDHURST,1
LYNN,1
LYNNWOOD,1
MACON GA DISTRIBUTION CENTER,1
MACON GA DISTRIBUTION CENTER ANNEX,1
MADISON,1
MADISON WI DISTRIBUTION CENTER,1
MAHA,1
MAHA NE DISTRIBUTION CENTER,1
MAIDSVILLE,1
MALDEN,1
MANASSAS,1
MANCHESTER,1
MANCHESTER CENTER,1
MANDEVILLE,1
MANHATTAN,1
MANITOU SPRINGS,1
MANITOWOC,1
MANKATO MN DISTRIBUTION CENTER,1
MANSFIELD,1
MANTECA,1
MANVEL,1
MAPLE PARK,1
MARCO ISLAND,1
MARIANNA,1
MARIETTA,1
MARINA DEL REY,1
MARLTON,1
MARS,1
MARSHALL,1
MARSHFIELD,1
MARTINSVILLE,1
MASON,1
MASONTOWN,1
MASSAPEQUA,1
MASSILLON,1
MASTIC BEACH,1
MAUMELLE,1
MAYNARD,1
MAYVILLE,1
MC DONALD,1
MC GRAW,1
MC GREGOR,1
MC KEE,1
MC LEAN,1
MC LEOD,1
MC QUEENEY,1
MCALLEN,1
MCALLEN TX DISTRIBUTION CENTER,1
MCKINNEY,1
MCPHERSON,1
MEADE,1
MECHANIC FALLS,1
MECHANICSVILLE,1
MEDFORD,1
MEDFORD OR DISTRIBUTION CENTER,1
MEDINA,1
MELBOURNE,1
MELROSE,1
MELROSE PARK,1
MELVILLE,1
MEMPHIS,1
MEMPHIS TN DISTRIBUTION CENTER,1
MEMPHIS TN DISTRIBUTION CENTER ANNEX,1
MEMPHIS TN NETWORK DISTRIBUTION CENTER,1
MENIFEE,1
MENLO PARK,1
MENOMONIE,1
MEQUON,1
MERCED,1
MERCEDES,1
MERIDEN,1
MERIDIAN,1
MERRICK,1
MERRIFIELD VA DISTRIBUTION CENTER,1
MESA,1
MESQUITE,1
METAIRIE,1
METRO NY DISTRIBUTION CENTER,1
METROPOLIS,1
MIAMI,1
MIAMI BEACH,1
MIAMI FL DISTRIBUTION CENTER,1
MIAMI FL INTERNATIONAL DISTRIBUTION CENTER,1
MICHIGAN CITY,1
MID CAROLINA-CHARLOTTE NC DISTRIBUTION CENTER,1
MID NY DISTRIBUTION CENTER,1
MIDDLEBURG,1
MIDDLEBURY,1
MIDDLESEX-ESSEX MA DISTRIBUTION CENTER,1
MIDDLETON,1
MIDLAND TX DISTRIBUTION CENTER,1
MIDLOTHIAN,1
MIDVALE,1
MILAN,1
MILAN IL DISTRIBUTION CENTER,1
MILLERSBURG,1
MILLERSVILLE,1
MILLINGTON,1
MILLTOWN,1
MILTON,1
MILWAUKEE,1
MINDEN,1
MINERAL WELLS,1
MINNEAPOLIS,1
MINNEAPOLIS MN DISTRIBUTION CENTER,1
MINOOKA,1
MINOT,1
MISSION,1
MISSOULA,1
MISSOULA MT DISTRIBUTION CENTER,1
MISSOURI CITY,1
MITCHELL,1
MOBILE AL DISTRIBUTION CENTER ANNEX,1
MODENA,1
MODEST,1
MONCKS CORNER,1
MONROE,1
MONROE TOWNSHIP,1
MONSEY,1
MONTEBELL,1
MONTEREY PARK,1
MONTGOMERY,1
MONTGOMERY AL DISTRIBUTION CENTER,1
MONTGOMERY VILLAGE,1
MONTICELL,1
MONUMENT,1
MOORESVILLE,1
MOOSE,1
MORENO VALLEY,1
MORENO VALLEY CA DISTRIBUTION CENTER,1
MORGAN HILL,1
MORGANTOWN,1
MORGANVILLE,1
MORRIS,1
MORRISONVILLE,1
MORRISTOWN,1
MORRISVILLE,1
MORRO BAY,1
MORROW,1
MORTON,1
MORTON GROVE,1
MOSCOW,1
MOUNT AIRY,1
MOUNT CLEMENS,1
MOUNT JEWETT,1
MOUNT JOY,1
MOUNT JULIET,1
MOUNT KISC,1
MOUNT PLEASANT,1
MOUNT VERNON,1
MOUNTAIN HOME,1
MUKWONAG,1
MUNCIE,1
MUNCIE IN DISTRIBUTION CENTER,1
MURD,1
MURRAY,1
MURRIETA,1
MUSKEGON,1
MUSKOGEE,1
NAMPA,1
NANTUCKET,1
NANUET,1
NAPA,1
NAPERVILLE,1
NAPLES,1
NARRAGANSETT,1
NASHUA,1
NASHUA NH DISTRIBUTION CENTER,1
NASHVILLE,1
NASHVILLE TN DISTRIBUTION CENTER,1
NASHVILLE TN DISTRIBUTION CENTER ANNEX,1
NEONTA,1
NEVADA CITY,1
NEW ALBANY,1
NEW BALTIMORE,1
NEW BERLIN,1
NEW BERN,1
NEW BRAUNFELS,1
NEW BROCKTON,1
NEW BRUNSWICK,1
NEW CASTLE,1
NEW CONCORD,1
NEW HAVEN,1
NEW HUDSON,1
NEW KENSINGTON,1
NEW KENT,1
NEW LENOX,1
NEW MILFORD,1
NEW ORLEANS LA DISTRIBUTION CENTER,1
NEW PALTZ,1
NEW PARIS,1
NEW PORT RICHEY,1
NEW PROVIDENCE,1
NEW ROCHELLE,1
NEW ROCKFORD,1
NEW WAVERLY,1
NEW WINDSOR,1
NEW YORK,1
NEW YORK NY DISTRIBUTION CENTER,1
NEWARK,1
NEWARK NJ DISTRIBUTION CENTER,1
NEWAYG,1
NEWBERG,1
NEWBURGH,1
NEWHALL,1
NEWTON,1
NEWTONVILLE,1
NEWVILLE,1
NIAGARA FALLS,1
NICEVILLE,1
NICHOLASVILLE,1
NILES,1
NIPOM,1
NOBLESVILLE,1
NOCONA,1
NOGALES,1
NOKOMIS,1
NOLANVILLE,1
NORCROSS,1
NORFOLK,1
NORFOLK VA DISTRIBUTION CENTER,1
NORMAN,1
NORTH BABYLON,1
NORTH BAY CA DISTRIBUTION CENTER,1
NORTH EASTON,1
NORTH HAVEN,1
NORTH HOLLYWOOD,1
NORTH HOUSTON,1
NORTH HOUSTON TX DISTRIBUTION CENTER,1
NORTH KINGSTOWN,1
NORTH LAS VEGAS,1
NORTH LIBERTY,1
NORTH MIAMI BEACH,1
NORTH PLATTE,1
NORTH PLATTE NE DISTRIBUTION CENTER,1
NORTH READING,1
NORTH RICHLAND HILLS,1
NORTH STREET,1
NORTHAMPTON,1
NORTHEAST HARBOR,1
NORTHPORT,1
NORTHWEST ROCHESTER NY DISTRIBUTION CENTER,1
NORWALK,1
NORWICH,1
NORWOOD,1
NTARI,1
PA LOCKA,1
PA LOCKA FL DISTRIBUTION CENTER,1
PACIFIC GROVE,1
PADUCAH,1
PAGOSA SPRINGS,1
PAINESVILLE,1
PALACIOS,1
PALATINE,1
PALATINE IL DISTRIBUTION CENTER,1
PALM BAY,1
PALM COAST,1
PALM DESERT,1
PALM HARBOR,1
PALMDALE,1
PALMER,1
PALMYRA,1
PANAMA CITY,1
PANORAMA CITY,1
PAOLA,1
PARAMOUNT,1
PARIS,1
PARK CITY,1
PARKER,1
PARKERSBURG,1
PASC,1
PASO ROBLES,1
PASSAIC,1
PATCHOGUE,1
PATERSON,1
PAWLING,1
PAYNESVILLE,1
PAYSON,1
PEA RIDGE,1
PEARL CITY,1
PELHAM,1
PELIKA,1
PELL CITY,1
PENGILLY,1
PENNSAUKEN,1
PENSACOLA,1
PENSACOLA FL PROCESSING CENTER,1
PEORIA,1
PEORIA IL DISTRIBUTION CENTER,1
PEPPERELL,1
PEQUOT LAKES,1
PERKINS,1
PERRINTON,1
PERRYVILLE,1
PERU,1
PETALUMA,1
PEWAUKEE,1
PEYTON,1
PHENIX CITY,1
PHILADELPHIA,1
PHILADELPHIA PA DISTRIBUTION CENTER,1
PHILADELPHIA PA NETWORK DISTRIBUTION CENTER,1
PHOENIX,1
PHOENIX AZ DISTRIBUTION CENTER,1
PHOENIX AZ DISTRIBUTION CENTER ANNEX,1
PINE BUSH,1
PINEVILLE,1
PITTSBOR,1
PITTSBURG,1
PITTSBURGH,1
PITTSBURGH PA DISTRIBUTION CENTER,1
PITTSBURGH PA NETWORK DISTRIBUTION CENTER,1
PITTSFIELD,1
PLAINFIELD,1
PLAINVIEW,1
PLAN,1
PLATTE CITY,1
PLATTSBURGH,1
PLATTSMOUTH,1
PLEASANT GROVE,1
PLEASANT HILL,1
PLEASANTON,1
PLYMOUTH,1
POCATELLO ID DISTRIBUTION CENTER,1
POINT ROBERTS,1
POLK CITY,1
POLLOCK PINES,1
POMONA,1
POMPANO BEACH,1
POMPTON LAKES,1
PONTIAC MI DISTRIBUTION CENTER,1
PORT ALLEN,1
PORT ANGELES,1
PORT HURON,1
PORT ORANGE,1
PORT REPUBLIC,1
PORT SAINT LUCIE,1
PORT WASHINGTON,1
PORTLAND,1
PORTLAND DISTRIBUTION CENTER,1
PORTLAND DISTRIBUTION CENTER ANNEX,1
PORTSMOUTH,1
POTTSTOWN,1
POUGHKEEPSIE,1
POULSB,1
POWAY,1
POWELL,1
PRAIRIE DU CHIEN,1
PRATTS,1
PRESCOTT,1
PRESCOTT VALLEY,1
PRESTON,1
PRINCETON,1
PRIOR LAKE,1
PROCIOUS,1
PROV,1
PROVIDENCE,1
PROVIDENCE RI DISTRIBUTION CENTER,1
PROVO UT PROCESSING CENTER,1
PUEBL,1
PULASKI,1
PULLMAN,1
PUNTA GORDA,1
PURLEAR,1
PURVIS,1
PUTNEY,1
QUAKERTOWN,1
QUARRYVILLE,1
QUEEN CREEK,1
QUEENS NY DISTRIBUTION CENTER,1
QUINCY,1
RALEIGH,1
RALEIGH NC DISTRIBUTION CENTER,1
RAMER,1
RANCHO CUCAMONGA,1
RANCHO SANTA FE,1
RANCHOS DE TAOS,1
RANDOLPH,1
RANGE,1
RANGE CITY,1
RAPID CITY,1
RAPID CITY SD DISTRIBUTION CENTER,1
RAPID RIVER,1
RAYMOND,1
RCHARD HILL,1
READING,1
RED BANK,1
REDDICK,1
REDMOND,1
REDONDO BEACH,1
REFORM,1
REGON CITY,1
REHOBOTH BEACH,1
REM,1
REN,1
RENO NV DISTRIBUTION CENTER,1
RENTON,1
REXBURG,1
REXFORD,1
RHINELANDER,1
RICES LANDING,1
RICEVILLE,1
RICH CREEK,1
RICHARDSON,1
RICHFIELD,1
RICHMOND,1
RICHMOND VA DISTRIBUTION CENTER,1
RIDLEY PARK,1
RIO DE JANEIR,1
RIO HOND,1
RIO RANCH,1
RIO RIC,1
RIPLEY,1
RIVER FALLS,1
RIVERSIDE,1
RIVERTON,1
RLAND,1
RLANDO FL DISTRIBUTION CENTER,1
RMOND BEACH,1
ROANOKE,1
ROANOKE VA DISTRIBUTION CENTER,1
ROBBINSVILLE,1
ROCHESTER,1
ROCHESTER NY DISTRIBUTION CENTER,1
ROCK FALLS,1
ROCK HILL,1
ROCK ISLAND,1
ROCK PORT,1
ROCK VALLEY,1
ROCKFORD,1
ROCKLAND,1
ROCKLEDGE,1
ROCKVILLE,1
ROCKY MOUNT,1
ROCKY MOUNT NC DISTRIBUTION CENTER,1
ROCKY RIDGE,1
ROGERS,1
ROLAND,1
ROLLA,1
ROME,1
ROMEOVILLE,1
ROMULUS,1
ROSCOMMON,1
ROSEAU,1
ROSEBURG,1
ROSELAND,1
ROSEVILLE,1
ROSWELL,1
ROUND ROCK,1
ROWLETT,1
ROXBURY,1
ROYAL OAK,1
RUNNEMEDE,1
RUSTON,1
SACHSE,1
SACRAMENT,1
SACRAMENTO CA DISTRIBUTION CENTER,1
SADDLE RIVER,1
SAGINAW,1
SAINT CHARLES,1
SAINT JOHN,1
SAINT JOSEPH,1
SAINT LOUIS,1
SAINT LOUIS MO DISTRIBUTION CENTER,1
SAINT LOUIS MO NETWORK DISTRIBUTION CENTER,1
SAINT PAUL,1
SAINT PAUL MN NETWORK DISTRIBUTION CENTER,1
SAINT PETERS,1
SAINT PETERSBURG,1
SAINTE GENEVIEVE,1
SALEM,1
SALIDA,1
SALINA,1
SALT LAKE CITY,1
SALT LAKE CITY UT NETWORK DISTRIBUTION CENTER,1
SAMMAMISH,1
SAN ANGEL,1
SAN ANSELM,1
SAN ANTONI,1
SAN ANTONIO TX DISTRIBUTION CENTER,1
SAN ANTONIO TX DISTRIBUTION CENTER ANNEX,1
SAN BERNARDIN,1
SAN BERNARDINO CA DISTRIBUTION CENTER,1
SAN BRUN,1
SAN DIEG,1
SAN DIEGO CA DISTRIBUTION CENTER,1
SAN FRANCISC,1
SAN FRANCISCO CA DISTRIBUTION CENTER,1
SAN FRANCISCO CA NETWORK DISTRIBUTION CENTER,1
SAN GABRIEL,1
SAN JOSE,1
SAN JOSE CA DISTRIBUTION CENTER,1
SAN JUAN,1
SAN JUAN PR DISTRIBUTION CENTER,1
SAN LEANDR,1
SAN LUIS OBISP,1
SAN MARCOS,1
SAN MATE,1
SAN PEDRO SULA,1
SAN TAN VALLEY,1
SAN YSIDR,1
SANDERSON,1
SANDUSKY,1
SANDY,1
SANTA ANA,1
SANTA ANA CA DISTRIBUTION CENTER,1
SANTA BARBARA,1
SANTA BARBARA CA DISTRIBUTION CENTER,1
SANTA CLARA,1
SANTA CLARITA CA DISTRIBUTION CENTER,1
SANTA CRUZ,1
SANTA FE,1
SANTA FE SPRINGS,1
SANTA MONICA,1
SANTA ROSA,1
SARASOTA,1
SARASOTA FL DISTRIBUTION CENTER,1
SARATOGA SPRINGS,1
SATELLITE BEACH,1
SAYREVILLE,1
SCANDIA,1
SCARSDALE,1
SCHILLER PARK,1
SCHOFIELD BARRACKS,1
SCHWENKSVILLE,1
SCITUATE,1
SCOTCH PLAINS,1
SCOTTS VALLEY,1
SCOTTSBLUFF,1
SCOTTSDALE,1
SCRANTON,1
SEAL BEACH,1
SEATTLE,1
SEATTLE WA DISTRIBUTION CENTER,1
SEATTLE WA DISTRIBUTION CENTER ANNEX,1
SEATTLE WA NETWORK DISTRIBUTION CENTER,1
SEFFNER,1
SEGUIN,1
SELINSGROVE,1
SEMINOLE,1
SEMINOLE-ORLANDO FL DISTRIBUTION CENTER,1
SHADY SIDE,1
SHAKOPEE,1
SHARON HILL,1
SHAWNEE,1
SHEBOYGAN,1
SHEFFIELD LAKE,1
SHELBYVILLE,1
SHELDON,1
SHELTON,1
SHERIDAN,1
SHERMAN OAKS,1
SHIRLEY,1
SHKOSH WI DISTRIBUTION CENTER,1
SHORT HILLS,1
SHOSHONE,1
SHOW LOW,1
SHREVEPORT LA DISTRIBUTION CENTER,1
SHREWSBURY MA DISTRIBUTION CENTER,1
SIDNEY,1
SIGOURNEY,1
SILVER LAKE,1
SILVER SPRING,1
SIMI VALLEY,1
SIOUX CITY,1
SIOUX FALLS,1
SIOUX FALLS SD DISTRIBUTION CENTER,1
SLATON,1
SMITH RIVER,1
SMYRNA,1
SOLON,1
SOMERSET,1
SORRENT,1
SOUTH AMBOY,1
SOUTH BEND,1
SOUTH BEND IN PROCESSING CENTER,1
SOUTH BERWICK,1
SOUTH EL MONTE,1
SOUTH HADLEY,1
SOUTH HOLLAND,1
SOUTH JERSEY NJ DISTRIBUTION CENTER,1
SOUTH PARIS,1
SOUTH PORTLAND,1
SOUTH SAN FRANCISC,1
SOUTHEASTERN,1
SOUTHERN CT DISTRIBUTION CENTER,1
SOUTHERN MD DISTRIBUTION CENTER,1
SOUTHERN MD DISTRIBUTION CENTER ANNEX,1
SOUTHERN ME DISTRIBUTION CENTER,1
SOUTHFIELD,1
SPANAWAY,1
SPANISH FORK,1
SPARKS,1
SPICEWOOD,1
SPOFFORD,1
SPOKANE,1
SPOKANE WA DISTRIBUTION CENTER,1
SPRING,1
SPRING CITY,1
SPRING VALLEY,1
SPRINGBOR,1
SPRINGDALE,1
SPRINGER,1
SPRINGFIELD,1
SPRINGFIELD GARDENS,1
SPRINGFIELD MA NETWORK DISTRIBUTION CENTER,1
SPRINGFIELD MO DISTRIBUTION CENTER,1
SSE,1
STAFFORD,1
STAMFORD CT DISTRIBUTION CENTER,1
STANBERRY,1
STANLEY,1
STATE COLLEGE,1
STATEN ISLAND,1
STERLING,1
STERLING HEIGHTS,1
STERVILLE,1
STEUBENVILLE,1
STEVENS,1
STOCKBRIDGE,1
STONE MOUNTAIN,1
STONEHAM,1
STONEVILLE,1
STONINGTON,1
STOW,1
STRATFORD,1
STREATOR,1
STREETSBOR,1
STRONGSVILLE,1
STUART,1
STURGEON BAY,1
SUFFIELD,1
SUFFOLK,1
SUGAR LAND,1
SULLIVAN,1
SUMMERFIELD,1
SUMMERSVILLE,1
SUMMERVILLE,1
SUMNER,1
SUN CITY,1
SUN PRAIRIE,1
SUN VALLEY,1
SUNAPEE,1
SUNBURY,1
SUNCOOK,1
SUNNYVALE,1
SUSSEX,1
SUWANEE,1
SWEDESBOR,1
SYLVANIA,1
SYOSSET,1
SYRACUSE,1
SYRACUSE NY DISTRIBUTION CENTER,1
TACOMA,1
TACOMA WA DISTRIBUTION CENTER,1
TAKOMA PARK,1
TALLAHASSEE,1
TALLAHASSEE FL DISTRIBUTION CENTER,1
TALLMAN,1
TAMPA,1
TAMPA FL DISTRIBUTION CENTER,1
TAOS,1
TARENTUM,1
TARPON SPRINGS,1
TARRYTOWN,1
TARZANA,1
TAVARES,1
TAYLOR,1
TAYLORS,1
TEGUCIGALPA,1
TEMPE,1
TEMPLE,1
TEMPLE CITY,1
TEMPLETON,1
TERRE HAUTE,1
TETERBORO NJ DISTRIBUTION CENTER,1
TEXARKANA,1
THOMASTON,1
THOMASVILLE,1
THORNDALE,1
THOROFARE,1
THOUSAND OAKS,1
THOUSAND PALMS,1
THURMONT,1
TILTON,1
TIOGA,1
TIPTON,1
TITUSVILLE,1
TOLED,1
TOLEDO OH DISTRIBUTION CENTER,1
TOLLESON,1
TOMBALL,1
TOMS RIVER,1
TOOELE,1
TOPPENISH,1
TORONT,1
TORRANCE,1
TORRINGTON,1
TRAVERSE CITY,1
TRAVERSE CITY MI DISTRIBUTION CENTER,1
TREMONT,1
TRENTON,1
TRENTON NJ DISTRIBUTION CENTER,1
TRES PINOS,1
TROUTDALE,1
TROY,1
TRUCKEE,1
TTAWA,1
TUALATIN,1
TUCKER,1
TUCSON,1
TUCSON AZ DISTRIBUTION CENTER,1
TULAROSA,1
TULSA,1
TULSA OK DISTRIBUTION CENTER,1
TUSCALOOSA,1
TUSTIN,1
TWIN FALLS,1
TWIN LAKES,1
TWINSBURG,1
TYNDALL,1
TYRONE,1
UNADILLA,1
UNION CITY,1
UNIONVILLE,1
UPLAND,1
UPPER DARBY,1
UPPER MARLBOR,1
URBANA,1
UTICA,1
UTUAD,1
VACAVILLE,1
VALDEZ,1
VALENCIA,1
VALLEJ,1
VALLEY CENTER,1
VALLEY COTTAGE,1
VALLEY FALLS,1
VALLEY SPRINGS,1
VALLEY STREAM,1
VALPARAIS,1
VAN NUYS,1
VAN NUYS CA DISTRIBUTION CENTER,1
VAN WERT,1
VANCOUVER,1
VEGA ALTA,1
VENETA,1
VENICE,1
VENTURA,1
VERBROOK,1
VERLAND PARK,1
VERTON,1
VICI,1
VICTOR,1
VICTORIA,1
VICTORVILLE,1
VIDALIA,1
VINCENTOWN,1
VIRGINIA BEACH,1
VISTA,1
VOLUNTOWN,1
VOORHEES,1
WAC,1
WADSWORTH,1
WAHIAWA,1
WAIKOLOA,1
WAITE PARK MN DISTRIBUTION CENTER,1
WAKEFIELD,1
WALD,1
WALDORF,1
WALLA WALLA,1
WALLAND,1
WALLED LAKE,1
WALTHAM,1
WAREHAM,1
WARREN,1
WARRENDALE PA DISTRIBUTION CENTER,1
WARRENTON,1
WARRINGTON,1
WARSAW,1
WARWICK,1
WASHINGTON,1
WASHINGTON DC DISTRIBUTION CENTER,1
WASHINGTON DC NETWORK DISTRIBUTION CENTER,1
WASS,1
WATERFORD,1
WATERLOO IA DISTRIBUTION CENTER,1
WATERTOWN,1
WATFORD CITY,1
WAUKEE,1
WAUKESHA,1
WAUSAU WI DISTRIBUTION CENTER,1
WAXAHACHIE,1
WAYCROSS,1
WAYNESVILLE,1
WAYZATA,1
WEATHERFORD,1
WEBB CITY,1
WELLESLEY HILLS,1
WELLINGTON,1
WENATCHEE,1
WENATCHEE WA DISTRIBUTION CENTER,1
WENDELL,1
WENSBOR,1
WEST BABYLON,1
WEST BEND,1
WEST CHESTER,1
WEST CHICAG,1
WEST FARGO NETWORK DISTRIBUTION CENTER,1
WEST HARTFORD,1
WEST HAVEN,1
WEST HOLLYWOOD,1
WEST NEWTON,1
WEST ORANGE,1
WEST PALM BEACH,1
WEST PALM BEACH FL DISTRIBUTION CENTER,1
WEST RIVER,1
WEST SACRAMENT,1
WEST SPRINGFIELD,1
WEST VALLEY CITY,1
WEST WARWICK,1
WESTBURY,1
WESTERLY,1
WESTERVILLE,1
WESTFIELD,1
WESTLAKE VILLAGE,1
WESTMINSTER,1
WESTON,1
WESTPORT,1
WEXFORD,1
WHEAT RIDGE,1
WHITE CITY,1
WHITE HALL,1
WHITE HOUSE,1
WHITE PLAINS NY DISTRIBUTION CENTER,1
WHITE RIVER JUNCTION VT DISTRIBUTION CENTER,1
WHITE ROCK,1
WHITESVILLE,1
WHITINSVILLE,1
WHITMORE LAKE,1
WHITTIER,1
WICHITA,1
WICHITA KS DISTRIBUTION CENTER,1
WILKES BARRE,1
WILLARD,1
WILLIAMSBURG,1
WILLOWBROOK,1
WILMINGTON,1
WILMINGTON DE DISTRIBUTION CENTER,1
WILSON,1
WILTON,1
WINCHESTER,1
WINDER,1
WINDHAM,1
WINDOM,1
WINDSOR,1
WINDSOR MILL,1
WINGS,1
WINNETKA,1
WINSTON SALEM,1
WINTER HAVEN,1
WINTER PARK,1
WINTER SPRINGS,1
WINTERTHUR,1
WOBURN,1
WOLF CREEK,1
WOODBRIDGE,1
WOODBURY,1
WOODLAND PARK,1
WOODRIDGE,1
WOODSTOCK,1
WOODWAY,1
WOOLWICH,1
WOOSTER,1
WORCESTER,1
WORTH,1
WORTHINGTON,1
WYALUSING,1
WYMORE,1
WYOMING,1
XFORD,1
XNARD,1
YAKIMA WA DISTRIBUTION CENTER,1
YAPHANK,1
YBOR CITY FL DISTRIBUTION CENTER,1
YERINGTON,1
YIG,1
YORBA LINDA,1
YORK,1
YORKTOWN,1
YOUNGSTOWN OH DISTRIBUTION CENTER,1
ZANESVILLE,1
ZAWKIE,1
ZELIENOPLE,1
